EPIC — OFFICE DU TOURISME	EPIC OFFICE DU TOURISME	100
CPCU — COMPAGNIE PARISIENNE DE CHAUFFAGE URBAIN	COMPAGNIE PARISIENNE DE CHAUFFAGE URBAIN CPCU	100
CPCU — COMPAGNIE PARISIENNE DE CHAUFFAGE URBAIN	CPCU COMPAGNIE PARISIENNE DE CHAUFFAGE URBAIN	100
DIR CENTRE EST	DIR CENTRE-EST	100
DIR CENTRE EST	DIR-CENTRE EST	100
VAL' HAINAUT HABITAT	VAL HAINAUT HABITAT	100
COMMUNAUTÉ D'AGGLOMÉRATION DE PAU PYRÉNÉES	COMMUNAUTÉ D'AGGLOMÉRATION DE PAU-PYRÉNÉES	100
COMMUNAUTÉ D'AGGLOMÉRATION DE PAU PYRÉNÉES	COMMUNAUTÉ D’AGGLOMÉRATION DE PAU PYRÉNÉES	100
VILLE DE CALUIRE ET CUIRE	VILLE DE CALUIRE-ET-CUIRE	100
CONSEIL GÉNÉRAL D'INDRE-ET-LOIRE	CONSEIL GÉNÉRAL D'INDRE ET LOIRE	100
DÉPARTEMENT DU VAL-DE-MARNE	DÉPARTEMENT DU VAL DE MARNE	100
CA PORTES DE FRANCE-THIONVILLE	CA PORTES DE FRANCE — THIONVILLE	100
DÉPARTEMENT DES RECHERCHES ARCHÉOLOGIQUES	DÉPARTEMENT DES RECHERCHES ARCHÉOLOGIQUE	99
ARTOIS COMM.	ARTOIS COMM	100
IMMOBILIÈRE 3F	IMMOBILIERE 3F	96
ASSOCIATION FRANCAISE DE NORMALISATION: AFNOR	ASSOCIATION FRANÇAISE DE NORMALISATION: AFNOR	99
GPM DE NANTES-SAINT-NAZAIRE	GPM DE NANTES — SAINT-NAZAIRE	100
SNCF RÉSEAU INGÉNIERIE ET PROJETS — AGENCE RHÔNE-ALPES AUVERGNE, REPRÉSENTÉE PAR SETEC ORGANISATION, EN SA QUALITÉ DE MANDATAIRE DE MAÎTRISE D'OUVRAGE	SNCF RÉSEAU INGÉNIERIE & PROJETS AGENCE RHÔNE-ALPES AUVERGNE, REPRÉSENTÉE PAR SETEC ORGANISATION, EN SA QUALITÉ DE MANDATAIRE DE MAÎTRISE D'OUVRAGE	99
CARSAT RHÔNE-ALPES	CARSAT RHÔNE ALPES	100
COMMISSARIAT À L'ÉNERGIE ATOMIQUE ET AUX ÉNERGIES ALTERNATIVES — CEA/SACLAY	COMMISSARIAT A L'ÉNERGIE ATOMIQUE ET AUX ÉNERGIES ALTERNATIVES — CEA/SACLAY	99
VILLE DE MONT DE MARSAN	VILLE DE MONT-DE-MARSAN	100
OSICA — GROUPE SNI	OSICA GROUPE SNI	100
ŒUVRE DU PERPÉTUEL SECOURS IHFB	ŒUVRE DU PERPÉTUEL SECOURS — IHFB	100
ÉTABLISSEMENT SNI GRAND-OUEST	ÉTABLISSEMENT SNI GRAND OUEST	100
ESCOTA — SOCIETÉ DES AUTOROUTES ESTÉREL, CÔTE D'AZUR, PROVENCE, ALPES	ESCOTA — SOCIÉTÉ DES AUTOROUTES ESTÉREL, CÔTE D'AZUR, PROVENCE, ALPES	99
ESCOTA — SOCIETÉ DES AUTOROUTES ESTÉREL, CÔTE D'AZUR, PROVENCE, ALPES	ESCOTA — SOCIÉTÉ DES AUTOROUTES ESTEREL — CÔTE D'AZUR — PROVENCE — ALPES	98
ASSISTANCE PUBLIQUE HÔPITAUX DE PARIS	ASSISTANCE PUBLIQUE - HÔPITAUX DE PARIS	100
ASSISTANCE PUBLIQUE HÔPITAUX DE PARIS	ASSISTANCE PUBLIQUE — HÔPITAUX DE PARIS	100
ASSISTANCE PUBLIQUE HÔPITAUX DE PARIS	ASSISTANCE PUBLIQUE-HÔPITAUX DE PARIS	100
ASSISTANCE PUBLIQUE HÔPITAUX DE PARIS	ASSISTANCE PUBLIQUE HOPITAUX DE PARIS	99
CHI — VILLENEUVE-SAINT-GEORGES	CHI VILLENEUVE-SAINT GEORGES	100
CHI — VILLENEUVE-SAINT-GEORGES	CHI VILLENEUVE-SAINT-GEORGES	100
CHU AMIENS-PICARDIE	CHU AMIENS PICARDIE	100
HOPITAL SAINTE-ANNE	HÔPITAL SAINTE-ANNE	97
COMMUNAUTÉ D'AGGLOMÉRATION DE CHARLEVILLE-MÉZIÈRES / SEDAN	COMMUNAUTÉ D’AGGLOMÉRATION CHARLEVILLE-MÉZIÈRES / SEDAN	97
COMMUNAUTÉ D'AGGLOMÉRATION DE CHARLEVILLE-MÉZIÈRES / SEDAN	COMMUNAUTÉ D'AGGLOMÉRATION CHARLEVILLE-MÉZIÈRES / SEDAN	97
OPH — VAR HABITAT	OPH VAR HABITAT	100
INSTITUT GEOGRAPHIQUE NATIONAL	INSTITUT GÉOGRAPHIQUE NATIONAL	98
MINDEF / DGA / DO / S2A	MINDEF/DGA/DO/S2A	100
EDF PRODUCTION ÉLECTRIQUE INSULAIRE SAS (EDF PEI)	EDF — PRODUCTION ÉLECTRIQUE INSULAIRE — SAS (EDF PEI)	100
COMMUNAUTÉ D'AGGLOMÉRATION LOIRE FOREZ	COMMUNAUTÉ D'AGGLOMÉRATION LOIRE-FOREZ	100
VILLE DE SAINT-GRÉGOIRE	VILLE DE SAINT GRÉGOIRE	100
UNIVERSITÉ PARIS OUEST NANTERRE	UNIVERSITÉ PARIS-OUEST-NANTERRE	100
COMMUNAUTÉ D'AGGLOMÈRATION DU LAC DU BOURGET	COMMUNAUTÉ D'AGGLOMÉRATION DU LAC DU BOURGET	100
COMMUNAUTÉ D'AGGLOMÈRATION DU LAC DU BOURGET	COMMUANUTÉ D'AGGLOMÉRATION DU LAC DU BOURGET	98
ALSACE CHAMPAGNE-ARDENNE LORRAINE	ALSACE-CHAMPAGNE-ARDENNE-LORRAINE	100
CONSEIL GENERAL DE L'ARIÈGE	CONSEIL GÉNÉRAL DE L'ARIÈGE	96
NIÈVRE HABITAT	NIEVRE HABITAT	96
UNIVERSITÉ FRANÇOIS-RABELAIS DE TOURS	UNIVERSITÉ FRANÇOIS RABELAIS DE TOURS	100
GROUPE HOSPITALIER SECLIN-CARVIN	GROUPE HOSPITALIER SECLIN CARVIN	100
GROUPE HOSPITALIER SECLIN-CARVIN	GROUPE HOSPITALIER SECLIN ET CARVIN	96
CNRS — DÉLÉGATION MIDI-PYRÉNÉES	CNRS — DÉLÉGATION MIDI PYRÉNÉES	100
VILLE D'ANTIBES — JUAN-LES-PINS	VILLE D'ANTIBES JUAN-LES-PINS	100
CENTRALESUPELEC	CENTRALE SUPELEC	97
CENTRALESUPELEC	CENTRALESUPÉLEC	97
UNIVERSITÉ TOULOUSE 1 SCIENCES SOCIALE	UNIVERSITÉ TOULOUSE 1, SCIENCES SOCIALE	100
UNIVERSITÉ TOULOUSE 1 SCIENCES SOCIALE	UNIVERSITÉ TOULOUSE 1, SCIENCES SOCIALES	99
LA POSTE — DIRECTION GÉNÉRALE DU RÉSEAU	LA POSTE DIRECTION GÉNÉRALE DU RÉSEAU	100
LA POSTE — DIRECTION GÉNÉRALE DU RÉSEAU	LA POSTE, DIRECTION GÉNÉRALE DU RÉSEAU	100
LA POSTE — DIRECTION GÉNÉRALE DU RÉSEAU	LA POSTE – DIRECTION GÉNÉRALE DU RÉSEAU	100
INSTITUT NATIONAL SCIENCES APPLIQUÉES	INSTITUT NATIONAL DES SCIENCES APPLIQU	97
CHI ELBEUF LOUVIERS/VAL DE REUIL	CHI ELBEUF-LOUVIERS / VAL DE REUIL	100
CHI ELBEUF LOUVIERS/VAL DE REUIL	CHI ELBEUF LOUVIERS / VAL DE REUIL	100
COMMUNAUTÉ D'AGGLOMÉRATION VAR ESTÉREL MÉDITERRANÉE	COMMUNAUTÉ D’AGGLOMÉRATION VAR ESTÉREL MÉDITERRANÉE	100
MÉTROPOLE AIX-MARSEILLE-PROVENCE CT6	MÉTROPOLE AIX-MARSEILLE-PROVENCE CT 6	96
CTRE NAT. DE LA RECHERCHE SCIENTIFIQUE	CTRE NAT DE LA RECHERCHE SCIENTIFIQUE	100
ÉCOLE NATIONALE SUPÉRIEURE DES ARTS ET MÉTIERS	ÉCOLE NATIONALE SUPÉRIEURE D'ARTS ET MÉTIERS	98
ÉCOLE NATIONALE SUPÉRIEURE DES ARTS ET MÉTIERS	ÉCOLE NATIONAL SUPÉRIEURE D'ARTS ET MÉTIERS	96
IMMOBILIÈRE 3F — DPRU	IMMOBILIÈRE 3F, DPRU	100
COMMISSARIAT A L'ÉNERGIE ATOMIQUE ET AUX ÉNERGIES ALTERNATIVES (CEA) — FONTENAY-AUX-ROSES	COMMISSARIAT À L'ÉNERGIE ATOMIQUE ET AUX ÉNERGIES ALTERNATIVES (CEA) — FONTENAY-AUX-ROSES	99
COMMUNAUTÉ D'AGGLOMÉRATION DE ST-OMER	COMMUNAUTÉ D'AGGLOMÉRATION DE SAINT-OMER	96
COMMUNAUTÉ D'AGGLOMÉRATION DE ST-OMER	COMMUNAUTÉ D'AGGLOMÉRATION DE SAINT OMER	96
SICTOM ZONE DE LONS LE SAUNIER	SICTOM ZONE DE LONS-LE-SAUNIER	100
GH COCHIN — BROCA- HÔTEL-DIEU	GH COCHIN — BROCA — HÔTEL-DIEU	100
DESTINATION RENNES — TOURISME CONGRÈS	DESTINATION RENNES TOURISME CONGRÈS	100
IEDOM INSTITUT D'ÉMISSION DES DÉPARTEMENTS D'OUTRE-MER	IEDOM — INSTITUT D'ÉMISSION DES DÉPARTEMENTS D'OUTRE-MER	100
SOCIÉTÉ IMMOBILIÈRE DES CHEMINS DE FERS	SOCIÉTÉ IMMOBILIÈRE DES CHEMINS DE FER	99
LANGUEDOC ROUSSILLON AMÉNAGEMENT	LANGUEDOC-ROUSSILLON AMÉNAGEMENT	100
RÉGION NORD-PAS-DE-CALAIS - PICARDIE	RÉGION NORD PAS-DE-CALAIS — PICARDIE	100
RÉGION NORD-PAS-DE-CALAIS - PICARDIE	RÉGION NORD PAS-DE-CALAIS-PICARDIE	100
RÉGION NORD-PAS-DE-CALAIS - PICARDIE	RÉGION NORD-PAS-DE-CALAIS — PICARDIE	100
RÉGION NORD-PAS-DE-CALAIS - PICARDIE	RÉGION NORD-PAS-DE-CALAIS-PICARDIE	100
PÔLE SANTÉ SARTHE ET LOIRE	PÔLE SANTÉ SARTHE-ET-LOIRE	100
PÔLE SANTÉ SARTHE ET LOIRE	POLE SANTÉ SARTHE-ET-LOIRE	98
PÔLE SANTÉ SARTHE ET LOIRE	PÔLE SANTÉ SARTHE ET LOIR	98
SOCIÉTÉ IMMOBILIÈRE DU DÉPARTEMENT DE LA RÉUNION SOCIÉTÉ ANONYME D'ECONOMIE MIXTE (SEM) CRÉÉE EN APPLICATION DE L'ARTICLE 2 DE LA LOI DU 30.4.1946 AU CAPITAL DE 125 000 000 EUR — RCS ST DENIS N°74 B 118 — SIRET :310 863 592 00013	SOCIÉTÉ IMMOBILIÈRE DU DÉPARTEMENT DE LA RÉUNION, SOCIÉTÉ ANONYME D'ECONOMIE MIXTE (SEM) CRÉÉE EN APPLICATION DE L'ARTICLE 2 DE LA LOI DU 30.4.1946 AU CAPITAL DE 125 000 000 EUR — RCS SAINT-DENIS N°74 B 118 — SIRET: 310 863 592 00013	97
SOCIÉTÉ IMMOBILIÈRE DU DÉPARTEMENT DE LA RÉUNION SOCIÉTÉ ANONYME D'ECONOMIE MIXTE (SEM) CRÉÉE EN APPLICATION DE L'ARTICLE 2 DE LA LOI DU 30.4.1946 AU CAPITAL DE 125 000 000 EUR — RCS ST DENIS N°74 B 118 — SIRET :310 863 592 00013	SOCIÉTÉ IMMOBILIÈRE DU DÉPARTEMENT DE LA RÉUNION SOCIÉTÉ ANONYME D'ÉCONOMIE MIXTE (SEM) CRÉÉE EN APPLICATION DE L'ARTICLE 2 DE LA LOI DU 30.4.1946 AU CAPITAL DE 125 000 000 EUR — RCS ST-DENIS N° 74 B 118 — SIRET: 310 863 592 00013	96
PARIS TERRES D'ENVOL	PARIS, TERRES D'ENVOL	100
COMMUNE DE PLAISANCE-DU-TOUCH	COMMUNE DE PLAISANCE DU TOUCH	100
INSTITUT ROBERT MERLE D'AUBIGNE	INSTITUT ROBERT MERLE D'AUBIGNÉ	98
MAIRIE DE TREMBLAY EN FRANCE	MAIRIE DE TREMBLAY-EN-FRANCE	100
ERDF - ENEDIS	ENEDIS (ERDF)	100
UNIVERSITÉ ÉVRY VAL D'ESSONNE	UNIVERSITÉ ÉVRY-VAL-D'ESSONNE	100
UNIVERSITÉ ÉVRY VAL D'ESSONNE	UNIVERSITE ÉVRY VAL D'ESSONNE	98
COMMUNAUTÉ D’AGGLOMÉRATION DU PAYS DE MEAUX	COMMUNAUTÉ D'AGGLOMÉRATION DU PAYS DE MEAUX	100
COMMUNAUTÉ DE COMMUNES BRESLE MARITIME	COMMUNAUTÉ DE COMMUNES BRESLE-MARITIME	100
UNIVERSITÉ PARIS 1 PANTHÉON-SORBONNE	UNIVERSITÉ PARIS 1 — PANTHÉON-SORBONNE	100
UNIVERSITÉ PARIS 1 PANTHÉON-SORBONNE	UNIVERSITÉ PARIS 1 — PANTHÉON SORBONNE	100
BLANGY-PONT L'ÉVÊQUE INTERCOM	BLANGY PONT-L'ÉVÊQUE INTERCOM	100
LA CRÉOLE-COMPAGNIE RÉUNIONNAISE EAUX	LA CRÉOLE — COMPAGNIE RÉUNIONNAISE EAUX	100
LA CRÉOLE-COMPAGNIE RÉUNIONNAISE EAUX	LA CREOLE-COMPAGNIE RÉUNIONNAISE EAUX	99
GROUPEMENT D'ACHATS LOGIS FAMILIAL VAROIS (COORDONATEUR), LOGIS MÉDITERRANÉE ET LOGIS FAMILIAL	GROUPEMENT D'ACHAT LOGIS FAMILIAL (COORDONNATEUR) — LOGIS FAMILIAL VAROIS — LOGIS MÉDITÉRRANÉE	97
CTÉ D'AGGLO. DE PAU PYRÉNÉES	CTÉ D'AGGLO DE PAU PYRÉNÉES	100
CHAMBRE DE METIERS ET DE L'ARTISANAT	CHAMBRE DE MÉTIERS ET DE L'ARTISANAT	99
GIE PACA CORSE AU NOM ET POUR LE COMPTE DE LA SNI SUD EST	GIA PACA CPRSE AU NOM ET POUR LE COMPTE DE LA SNI SUD EST	96
SIVOM SAINT-GAUDENS MONTREJEAU ASPET	SIVOM SAINT-GAUDENS MONTREJEAU — ASPET	100
SIVOM SAINT-GAUDENS MONTREJEAU ASPET	SIVOM SAINT-GAUDENS MONTRÉJEAU ASPET	99
ENEDIS (ANCIENNEMENT ERDF ÉLECTRICITÉ RÉSEAU DISTRIBUTION FRANCE)	ENEDIS (ANCIENNEMENT ERDF — ÉLECTRICITÉ RÉSEAU DISTRIBUTION FRANCE)	100
CHI DE POISSY / SAINT-GERMAIN-EN-LAYE	CHI POISSY/SAINT-GERMAIN-EN-LAYE	96
CHR METZ-THIONVILLE	CHR METZ THIONVILLE	100
CONSEIL GÉNÉRAL DES HAUTS-DE-SEINE	CONSEIL GÉNÉRAL DES HAUTS DE SEINE	100
MAISONS ET CITES/SOGINORPA	MAISONS ET CITÉS SOGINORPA	98
MAISONS ET CITES/SOGINORPA	MAISONS ET CITÉS — SOGINORPA	98
MAISONS ET CITES/SOGINORPA	MAISONS ET CITÉS/SOGINORPA	98
RÉGAZ-BORDEAUX	REGAZ — BORDEAUX	96
TERRITOIRE DE LA COTE OUEST	TERRITOIRE DE LA CÔTE OUEST	98
COMMUNE DE PORTET-SUR-GARONNE	COMMUNE DE PORTET SUR GARONNE	100
COMMUNAUTÉ COMMUNES DU CANTON DE MONTLUEL	COMMUNAUTÉ DE COMMUNES DU CANTON DE MONTLUEL	96
SNCF RÉSEAU * DTA IDF	SNCF RÉSEAU DTA IDF	100
[LA POSTE] BRANCHE SERVICES-COURRIER-COLIS (BSCC) — FILIALE VIAPOST TRANSPORT MANAGEMENT	[LA POSTE] BRANCHE SERVICES-COURRIER-COLIS (BSCC) FILIALE VIAPOST TRANSPORT MANAGEMENT	100
[LA POSTE] BRANCHE SERVICES-COURRIER-COLIS (BSCC) — FILIALE VIAPOST TRANSPORT MANAGEMENT	[LA POSTE] BRANCHE SERVICES-COURRIER-COLIS (BSCC), FILIALE VIAPOST TRANSPORT MANAGEMENT	100
[LA POSTE] BRANCHE SERVICES-COURRIER-COLIS (BSCC) — FILIALE VIAPOST TRANSPORT MANAGEMENT	[LA POSTE] BRANCHE SERVICES COURRIER COLIS (BSCC) FILIALE VIAPOST TRANSPORT MANAGEMENT	100
COMMUNAUTÉ DE COMMUNES DU VAL-DE-DRÔME	COMMUNAUTÉ DE COMMUNES DU VAL DE DRÔME	100
EP SECURITÉ FERROVIAIRE	EP SÉCURITÉ FERROVIAIRE	98
SIAEAG GUADELOUPE	SIAEA GUADELOUPE	97
SOCIÉTÉ NATIONALE IMMOBILIÈRE — ÉTABLISSEMENT NORD-EST	SOCIÉTÉ NATIONALE IMMOBILIÈRE — ÉTABLISSEMENT NORD EST	100
SA AÉROPORT DE BORDEAUX MÉRIGNAC	SA AÉROPORT DE BORDEAUX-MÉRIGNAC	100
VILLE DU PERREUX-SUR MARNE	VILLE DU PERREUX-SUR-MARNE	100
VILLE DE DEUIL-LA-BARRE	VILLE DE DEUIL LA BARRE	100
COMMUNAUTÉ D'AGGLOMÉRATION TOUR(S) PLUS	COMMUNAUTÉ D'AGGLOMÉRATION TOUR(S)PLUS	100
REIMS-HABITAT CHAMPAGNE-ARDENNE	REIMS HABITAT CHAMPAGNE ARDENNE	100
REIMS-HABITAT CHAMPAGNE-ARDENNE	REIMS HABITAT CHAMPAGNE-ARDENNE	100
REIMS-HABITAT CHAMPAGNE-ARDENNE	REIMS-HABITAT CHAMPAGNE ARDENNE	100
MÉTROPOLE AIX-MARSEILLE-PROVENCE	MÉTROPOLE AIX-MARSEILLE PROVENCE	100
MÉTROPOLE AIX-MARSEILLE-PROVENCE	MÉTROPOLE AIX MARSEILLE PROVENCE	100
MÉTROPOLE AIX-MARSEILLE-PROVENCE	MÉTROPOLE D'AIX-MARSEILLE PROVENCE	97
MÉTROPOLE AIX-MARSEILLE-PROVENCE	MÉTROPOLE D'AIX-MARSEILLE-PROVENCE	97
MÉTROPOLE AIX-MARSEILLE-PROVENCE	MÉTROPOLE D'AIX MARSEILLE PROVENCE	97
SOC ÉTUDE MAITRISE, OUVRAGE, AMÉNAGEMENT	SOC ÉTUDE, MAITRISE, OUVRAGE, AMÉNAGEMENT	100
GECT EURORÉGION AQUITAINE EUSKADI	GECT — EURORÉGION AQUITAINE-EUSKADI	100
GECT EURORÉGION AQUITAINE EUSKADI	GECT EURORÉGION AQUITAINE-EUSKADI	100
GECT EURORÉGION AQUITAINE EUSKADI	GECT EUROREGION AQUITAINE EUSKADI	98
RPA DREAL LANGUEDOC-ROUSSILLON-MIDI-PYRENÉES	RPA DREAL LANGUEDOC-ROUSSILLON — MIDI-PYRÉNÉES	99
RPA DREAL LANGUEDOC-ROUSSILLON-MIDI-PYRENÉES	RPA DREAL LANGUEDOC-ROUSSILLON-MIDI-PYRÉNÉES	99
GIE LOGEMENT FRANÇAIS EN QUALITÉ DE COORDONNATEUR D'UN GROUPEMENT DE COMMANDES COMPOSÉ DE LOGEMENT FRANÇAIS ET DE SES FILIALES: LOGEMENT FRANCILIEN, COOPÉRATION ET FAMILLE, SOLLAR, LOGIS FAMILIAL, LOGIS FAMILIAL VAROIS ET LOGIS MÉDITERRANÉE	GIE LOGEMENT FRANÇAIS EN QUALITÉ DE COORDONNATEUR D'UN GROUPEMENT DE COMMANDES COMPOSÉ DE LOGEMENT FRANÇAIS ET DE SES FILIALES: LOGEMENT FRANCILIEN, COOPÉRATION & FAMILLE, SOLLAR, LOGIS FAMILIAL, LOGIS FAMILIAL VAROIS ET LOGIS MÉDITERRANÉE	99
COMMUNAUTÉ DE COMMUNES DU PAYS CHARITOIS	COMMUNAUTÉ DE COMMUNES PAYS CHARITOIS	96
LYCÉE EDMOND PERRIER	LYCÉE ÉDMOND PERRIER	97
EDF SA DIRECTION DES ACHATS GROUPE	EDF SA — DIRECTION DES ACHATS GROUPE	100
VENDEE LOGEMENT ESH	VENDÉE LOGEMENT ESH	97
CHRU DE BESANON	CHRU DE BESANÇON	100
CEA SACLAY	CEA/SACLAY	100
UNIVERSITÉ PARIS-SORBONNE	UNIVERSITÉ PARIS SORBONNE	100
COLLECTIVITÉ TERRITORIALE MARTINIQUE	COLLECTIVITE TERRITORIALE MARTINIQUE	99
COLLECTIVITÉ TERRITORIALE MARTINIQUE	COLLECTIVITÉ TERRITORIALE DE MARTINIQUE	96
EDF- SA	EDF — SA	100
EDF- SA	EDF SA	100
AGENCE DE L'EAU ARTOIS-PICARDIE	AGENCE DE L'EAU ARTOIS — PICARDIE	100
RTE RÉSEAU DE TRANSPORT D'ÉLECTRICITÉ	RTE — RÉSEAU DE TRANSPORT D'ÉLECTRICITÉ	100
RTE RÉSEAU DE TRANSPORT D'ÉLECTRICITÉ	RTE RÉSEAU DE TRANSPORT D'ELECTRICITÉ	99
RTE RÉSEAU DE TRANSPORT D'ÉLECTRICITÉ	RTE — RÉSEAU DE TRANSPORT D'ELECTRICITÉ	99
COMMUNAUTÉ DE COMMUNES CALVI — BALAGNE	COMMUNAUTÉ DE COMMUNES CALVI-BALAGNE	100
ANDRA (AGENCE NATIONALE POUR LA GESTION DES DÉCHETS RADIOACTIFS)	ANDRA — AGENCE NATIONALE POUR LA GESTION DES DÉCHETS RADIOACTIFS	100
ANDRA (AGENCE NATIONALE POUR LA GESTION DES DÉCHETS RADIOACTIFS)	AGENCE NATIONALE POUR LA GESTION DES DÉCHETS RADIOACTIFS — ANDRA	100
OFFICE NATIONAL DES FORÊTS	OFFICE NATIONAL DES FORETS	98
MINISTÈRE ÉCONOMIE, INDUSTRIE, EMPLOI	MINISTÈRE ÉCONOMIE INDUSTRIE EMPLOI	100
SOCIÉTÉ AÉROPORT MARSEILLE PROVENCE	SOCIÉTÉ AEROPORT MARSEILLE PROVENCE	98
EDF — DIRECTION DES ACHATS — AGENCE RÉGIONALE ACHATS PRODUCTION NORD-OUEST (ARAP NO)	EDF — DIRECTION DES ACHATS — AGENCE RÉGIONALE ACHATS PRODUCTION NORD-OUEST — (ARAP NO)	100
CHD DE LA CANDÉLIE	CHD DE LA CANDELIE	97
VILLE EUROMÉTROPOLE DE STRASBOURG	VILLE, EUROMÉTROPOLE DE STRASBOURG	100
COMMUNAUTÉ COMMUNES DU PAYS DE FAYENCE	COMMUNAUTÉ DE COMMUNES DU PAYS DE FAYENCE	96
SYNDICAT MIXTE NORD DAUPHINE	SYNDICAT MIXTE NORD DAUPHINÉ	98
CENTRE HOSPITALIER DES PYRÉNÉES	CENTRE HOSPITALIER DES PYRNES	100
UGECAM RHÔNE-ALPES	UGECAM RHÔNE- ALPES	100
UGECAM RHÔNE-ALPES	UGECAM RHÔNE ALPES	100
COLLECTIVITÉ DE SAINT-MARTIN	COLLECTIVITÉ DE SAINT MARTIN	100
IMMOBILIÈRE ATLANTIC AMENAGEMENT	IMMOBILIÈRE ATLANTIC AMÉNAGEMENT	98
CPAM DU VAL-DE-MARNE	CPAM DU VAL DE MARNE	100
COMMUNAUTÉ D'AGGLOMÉRATION DU BASSIN DE THAU	COMMUNAUTTÉ D'AGGLOMÉRATION DU BASSIN DE THAU	99
UGECAM NORD PAS-DE-CALAIS-PICARDIE	UGECAM NORD-PAS-DE-CALAIS — PICARDIE	100
CA CHALON VAL DE BOURGOGNE	CA CHALON-VAL DE BOURGOGNE	100
CA CHALON VAL DE BOURGOGNE	CA CHALON - VAL DE BOURGOGNE	100
COMMUNAUTÉ D'AGGLOMÉRATION ÉVRY CENTRE ESSONNE	COMMUNAUTÉ D’AGGLOMÉRATION ÉVRY CENTRE ESSONNE	100
LA POSTE – BRANCHE SERVICES-COURRIER-COLIS	LA POSTE — BRANCHE SERVICES-COURRIER-COLIS	100
LA POSTE – BRANCHE SERVICES-COURRIER-COLIS	LA POSTE BRANCHE SERVICES-COURRIER-COLIS	100
ÉLECTRICITE DE FRANCE	ÉLECTRICITÉ DE FRANCE	97
COMMUNAUTÉ D'AGGLOMÉRATION DE LA PORTE DU HAINAUT	COMMUNAUTÉ D'AGGLOMÉRATION LA PORTE DU HAINAUT	97
COMMUNAUTÉ D’AGGLOMÉRATION CREILLOISE	COMMUNAUTÉ DE L'AGGLOMÉRATION CREILLOISE	96
COMMISSARIAT À L'ÉNERGIE ATOMIQUE ET AUX ÉNERGIES ALTERNATIVES DE FONTENAY-AUX-ROSES	COMMISSARIAT À L'ÉNERGIE ATOMIQUE ET AUX ÉNERGIES ALTERNATIVES (CEA) — FONTENAY-AUX-ROSES	96
CHD LA ROCHE-SUR-YON - LUÇON - MONTAIGU	CHD LA ROCHE-SUR-YON-LUÇON-MONTAIGU	100
CHD LA ROCHE-SUR-YON - LUÇON - MONTAIGU	CHD LA ROCHE-SUR-YON — LUÇON — MONTAIGU	100
CHD LA ROCHE-SUR-YON - LUÇON - MONTAIGU	CHD LA ROCHE-SUR-YON LUÇON-MONTAIGU	100
VILLE DE PETIT-COURONNE	VILLE DE PETIT COURONNE	100
MINISTÈRE CHARGÉ DES TRANSPORTS-DGAC	MINISTÈRE CHARGÉ DES TRANSPORTS — DGAC	100
CNRS DÉLÉGATION ALPES	CNRS DÉLEGATION ALPES	97
ÉCOLE NATIONALE SUPÉRIEURE DE CHIMIE DE MONTPELLIER	ÉCOLE NATIONALE SUPÉRIEURE DE CHIMIE MONTPELLIER	97
GIE GROUPE SNI SYSTEMES D'INFORMATION	GIE GROUPE SNI SYSTÈMES D'INFORMATION	99
EDF SA — DIRECTION DES ACHATS GROUPE — DATP — ANAPRI	EDF SA — DIRECTION DES ACHATS GROUPE — DAPI — ANAP	96
COMMUNE DE LA PLAGNE-TARENTAISE	COMMUNE DE LA PLAGNE TARENTAISE	100
DÉPARTEMENT DE LA HAUTE SAÔNE	DÉPARTEMENT DE LA HAUTE-SAÔNE	100
ERDF ÉLECTRICITÉ RÉSEAU DISTRIBUTION FRANCE	ERDF, ÉLECTRICITÉ RÉSEAU DISTRIBUTION FRANCE	100
ERDF ÉLECTRICITÉ RÉSEAU DISTRIBUTION FRANCE	ERDF — ÉLECTRICITÉ RÉSEAU DISTRIBUTION FRANCE	100
SA HLM — PICARDIE HABITAT	SA HLM PICARDIE HABITAT	100
CDC DE LA HAUTE SAINTONGE	CDC DE LA HAUTE-SAINTONGE	100
CCAS — MAISON DE RETRAITE	CCAS-MAISON DE RETRAITE	100
SA HLM LE FOYER RÉMOIS	SA HLM LE FOYER REMOIS	98
INRA ANGERS-NANTES	INRA ANGERS NANTES	100
SOC TRANSPORTS EN COMMUN LIMOGES METRO	SOC TRANSPORTS EN COMMUN LIMOGES MÉTRO	99
CENTRE DE GESTION DE LA FPT 77	CENTRE DE GESTION DE LA FPT 76	97
UNIVERSITÉ TOULOUSE II — JEAN JAURES	UNIVERSITE TOULOUSE II — JEAN JAURES	99
UNIVERSITÉ TOULOUSE II — JEAN JAURES	UNIVERSITÉ TOULOUSE II-JEAN JAURÈS	98
UNIVERSITÉ TOULOUSE II — JEAN JAURES	UNIVERSITÉ TOULOUSE II — JEAN JAURÈS	98
UNIVERSITÉ TOULOUSE II — JEAN JAURES	UNIVERSITE TOULOUSE II — JEAN JAURÈS	97
COMMUNAUTÉ AGGLOMERATION BOURGES PLUS	COMMUNAUTÉ AGGLOMÉRATION BOURGES PLUS	99
COMMUNAUTÉ AGGLOMERATION BOURGES PLUS	COMMUNAUTE AGGLOMÉRATION BOURGES PLUS	97
COMMUNAUTÉ AGGLOMERATION BOURGES PLUS	COMMUNAUTÉ D'AGGLOMÉRATION BOURGES PLUS	96
UNIVERSITÉ PARIS-EST MARNE-LA-VALLÉE	UNIVERSITÉ PARIS EST MARNE-LA-VALLÉE	100
CNRS — DÉLÉGATION CENTRE LIMOUSIN POITOU CHARENTES	CNRS — DÉLÉGATION CENTRE LIMOUSIN POITOU-CHARENTES	100
MINISTÈRE DE L'INTÉRIEUR	MINISTÈRE DE L'INTERIEUR	98
VILLE DE CHAMBRAY-LÈS-TOURS	VILLE DE CHAMBRAY-LES-TOURS	98
PÔLE HABITAT / COLMAR CENTRE ALSACE — OPH	PÔLE HABITAT COLMAR — CENTRE ALSACE — OPH	100
SITCOM CÔTE SUD DES LANDES	SITCOM COTE SUD DES LANDES	98
CCI SEINE ET MARNE	CCI SEINE-ET-MARNE	100
GCS PUI CITÉ SANITAIRE	GCS PUI — CITÉ SANITAIRE	100
VILLE DE BOULOGNE BILLANCOURT	VILLE DE BOULOGNE-BILLANCOURT	100
MAIRIE DE LA VERRIERE	MAIRIE DE LA VERRIÈRE	98
OFFICE PUBLIC DE L'HABITAT DE L'AGGLOMÉRATION DE LA ROCHELLE	OFFICE PUBLIC DE L’HABITAT DE L'AGGLOMÉRATION DE LA ROCHELLE	100
CG LOIR ET CHER	CG LOIR-ET-CHER	100
COMMUNAUTÉ DE COMMUNES CLUSES-ARVE ET MONTAGNES	COMMUNAUTÉ DE COMMUNES CLUSES ARVE ET MONTAGNES	100
SPLA L'OR AMENAGEMENT	SPLA L'OR AMÉNAGEMENT	98
MINDEF/SGA/SPAC/ SOUS-DIRECTION DES ACHATS	MINDEF/SGA/SPAC/SOUS-DIRECTION DES ACHATS	100
AGENCE DES 50 PAS GÉOMÉTRIQUES 972	AGENCE DES 50 PAS GÉOMÉTRIQUES (971)	97
VILLE DE CHOISY LE ROI	VILLE DE CHOISY-LE-ROI	100
CCI REGION PARIS ÎLE-DE-FRANCE	CCI RÉGION PARIS ÎLE-DE-FRANCE	98
CENTRE INTERNATIONAL ÉTUDES PÉDAGOGIQUES	CTRE INTERNATIONAL ÉTUDES PÉDAGOGIQUES	97
VILLE DE VAL D'ISÈRE	VILLE DE VAL-D'ISÈRE	100
AB HABITAT — SCIC D'HLM D'ARGENTEUIL-BEZONS — 807 567 136 RCS PONTOISE — SIRET 807 567 136 000 13 — NAF 6820 A	AB HABITAT- SCIC D'HLM D'ARGENTEUIL-BEZONS — 807 567 136 RCS PONTOISE — SIRET 807 567 136 000 13- NAF 6820 A	100
AB HABITAT — SCIC D'HLM D'ARGENTEUIL-BEZONS — 807 567 136 RCS PONTOISE — SIRET 807 567 136 000 13 — NAF 6820 A	AB HABITAT — SCIC D'HLM D'ARGENTEUIL-BEZONS — 807 567 136 RCS PONTOISE — SIRET 807 567 136 000 21 — NAF 6820 A	98
ENEDIS QUI MENDATE EDF SA POUR MENER LA PROCÉDURE D'ACHAT	ENEDIS QUI MANDATE EDF SA POUR MENER LA PROCÉDURE D'ACHAT	98
VALOPHIS HABITAT — OPH DU VAL-DE-MARNE	VALOPHIS HABITAT — OPH DU VAL DE MARNE	100
VALOPHIS HABITAT — OPH DU VAL-DE-MARNE	VALOPHIS HABITAT, OPH VAL-DE-MARNE	96
VALOPHIS HABITAT — OPH DU VAL-DE-MARNE	VALOPHIS HABITAT — OPH VAL-DE-MARNE	96
COMMUNAUTÉ URBAINE LE CREUSOT-MONTCEAU	COMMUNAUTÉ URBAINE LE CREUSOT MONTCEAU	100
COMMUNAUTÉ D'AGGLOMÉRATION DE REIMS	COMMUNAUTÉ AGGLOMÉRATION DE REIMS	97
COMMUNE DE MONTS	COMMUNE DE MONT	97
CC AVRANCHES-MONT SAINT MICHEL	CC AVRANCHES-MONT-SAINT-MICHEL	100
CC AVRANCHES-MONT SAINT MICHEL	CC AVRANCHES – MONT-SAINT-MICHEL	100
CC AVRANCHES-MONT SAINT MICHEL	CC AVRANCHES - MONT-SAINT-MICHEL	100
COMMUNAUTÉ DE COMMUNES OSARTIS MARQUION	COMMUNAUTÉ DE COMMUNES OSARTIS-MARQUION	100
SOCIÉTÉ D'ÉTUDE, DE MAITRISE D'OUVRAGE ET D'AMÉNAGEMENT	SOCIÉTÉ D'ÉTUDE DE MAÎTRISE D'OUVRAGE ET D'AMÉNAGEMENT	99
LOIRE ATLANTIQUE DÉVELOPPEMENT-SELA	LOIRE ATLANTIQUE DÉVELOPPEMENT, SELA	100
CEA CENTRE DE CADARACHE	CEA, CENTRE DE CADARACHE	100
CEA CENTRE DE CADARACHE	CEA — CENTRE DE CADARACHE	100
GHR MULHOUSE SUD ALSACE	GHR MULHOUSE SUD-ALSACE	100
COMMUNAUTÉ D'AGGLOMÉRATION GRAND SÉNONAIS	COMMUNAUTÉ D'AGGLOMÉRATION GD SÉNONAIS	96
INSTITUT PAOLI CALMETTES	INSTITUT PAOLI-CALMETTES	100
[LA POSTE] DIRECTION DES ACHATS BRANCHE SERVICES COURRIER COLIS	[LA POSTE] DIRECTION DES ACHATS — BRANCHE SERVICES-COURRIER-COLIS	100
[LA POSTE] DIRECTION DES ACHATS BRANCHE SERVICES COURRIER COLIS	[LA POSTE] DIRECTION DES ACHATS, BRANCHE SERVICES-COURRIER-COLIS	100
[LA POSTE] DIRECTION DES ACHATS BRANCHE SERVICES COURRIER COLIS	[LA POSTE] DIRECTION DES ACHATS BRANCHE SERVICES-COURRIER-COLIS	100
[LA POSTE] DIRECTION DES ACHATS BRANCHE SERVICES COURRIER COLIS	[LA POSTE] DIRECTION DES ACHATS BRANCHE COURRIER COLIS SERVICES (BSCC)	96
[LA POSTE] DIRECTION DES ACHATS BRANCHE SERVICES COURRIER COLIS	[LA POSTE] DIRECTION DES ACHATS — BRANCHE COURRIER COLIS SERVICES (BSCC)	96
COMMUNAUTÉ D’AGGLOMÉRATION DU PAYS DE FLERS	COMMUNAUTÉ D'AGGLOMÉRATION DU PAYS DE FLERS	100
AGENCE DE L'EAU ADOUR GARONNE	AGENCE DE L'EAU ADOUR-GARONNE	100
FDE 80 FÉDÉRATION DÉPARTEMENTALE D'ÉNERGIE DE LA SOMME	FDE 80, FÉDÉRATION DÉPARTEMENTALE D'ÉNERGIE DE LA SOMME	100
RÉGION LANGUEDOC-ROUSSILLON-MIDI-PYRÉNÉES	RÉGION LANGUEDOC-ROUSSILLON MIDI-PYRÉNÉES	100
RÉGION LANGUEDOC-ROUSSILLON-MIDI-PYRÉNÉES	RÉGION LANGUEDOC-ROUSSILLON-MIDI-PYRENEES	97
DÉPARTEMENT DU BAS-RHIN	DÉPARTEMENT DU BAS RHIN	100
EDF SA — DIRECTION DES ACHATS — AGENCE ACHATS THERMIQUE	EDF SA — DIRECTION DES ACHATS — AGENCE ACHATS THERMIQUES	99
EDF SA — DIRECTION DES ACHATS — AGENCE ACHATS THERMIQUE	EDF SA — DIRECTION DES ACHATS AGENCE ACHAT THERMIQUE	99
JOINVILLE-LE-PONT HABITAT — OPH	JOINVILLE-LE-PONT HABITAT - OPH	100
CENTRE HOSPITALIER CENTRE BRETAGNE	CENTRE HOSPITALIER DU CENTRE-BRETAGNE	96
ENÉDIS (ANCIENNEMENT ERDF)	ENEDIS (ANCIENNEMENT ERDF)	98
FONDATION LÉOPOLD BELLAN	FONDATION LEOPOLD BELLAN	98
MUSÉE NATIONAL PICASSO — PARIS	MUSÉE NATIONAL PICASSO-PARIS	100
MUSÉE NATIONAL PICASSO — PARIS	MUSÉE NATIONAL PICASSO PARIS	100
ENSCI/LES ATELIERS	ENSCI / LES ATELIERS	100
CONSEIL RÉGIONAL ÎLE-DE-FRANCE	CONSEIL RÉGIONAL D'ÎLE-DE-FRANCE	97
SMICVAL DU LIBOURNAIS HAUTE-GIRONDE	SMICVAL DU LIBOURNAIS HAUTE GIRONDE	100
CRMA NORD — PAS-DE-CALAIS — PICARDIE	CRMA NORD-PAS-DE-CALAIS — PICARDIE	100
CRMA NORD — PAS-DE-CALAIS — PICARDIE	CRMA NORD-PAS-DE-CALAIS-PICARDIE	100
DIRECTION DÉPARTEMENTALE FIN. PUB. 93	DIRECTION DÉPARTEMENTALE FIN PUB 93	100
EDF SA — DIRECTION DES ACHATS — AAI CIDEN SEPTEN	EDF SA — DIRECTION DES ACHATS-AAI CIDEN SEPTEN	100
GCS INTER-HOSPITALIER DES ARDENNES	GCS INTER HOSPITALIER DES ARDENNES	100
SOCIÉTÉ DES AUTOROUTES PARIS-RHIN-RHÔNE	SOCIÉTÉ DES AUTOROUTES PARIS RHIN RHÔNE	100
SOCIÉTÉ DES AUTOROUTES PARIS-RHIN-RHÔNE	SOCIETÉ DES AUTOROUTES PARIS RHIN RHÔNE	99
TRAMCITES-GPT EGIS RAIL/NORMANDIE-AMÉN	TRAMCITES-GPT EGIS RAIL / NORMANDIE-AMÉN	100
CENTRE HOSPITALIER DE LA HAUTE GIRONDE	CENTRE HOSPITALIER DE LA HAUTE-GIRONDE	100
CEA (COMMISSARIAT À L'ÉNERGIE ATOMIQUE ET AUX ÉNERGIES ALTERNATIVES)	COMMISSARIAT À L'ÉNERGIE ATOMIQUE ET AUX ÉNERGIES ALTERNATIVES (CEA)	100
CEA (COMMISSARIAT À L'ÉNERGIE ATOMIQUE ET AUX ÉNERGIES ALTERNATIVES)	COMMISSARIAT A L'ÉNERGIE ATOMIQUE ET AUX ÉNERGIES ALTERNATIVES (CEA)	98
CEA (COMMISSARIAT À L'ÉNERGIE ATOMIQUE ET AUX ÉNERGIES ALTERNATIVES)	CEA, COMMISSARIAT À L'ÉNÉRGIE ATOMIQUE ET AUX ÉNERGIES ALTERNATIVES	98
CEA (COMMISSARIAT À L'ÉNERGIE ATOMIQUE ET AUX ÉNERGIES ALTERNATIVES)	COMMISSARIAT À L'ÉNERGIE ATOMIQUE ET AUX ÉNERGIES ALTERNATIVES	97
UGECAM NORD EST	UGECAM NORD-EST	100
COMMUNAUTÉ DE COMMUES DU CENTRE LITTORAL	COMMUNAUTÉ DE CMES DU CENTRE LITTORAL	96
DÉPARTEMENT DE LA CORSE-DU-SUD	DÉPARTEMENT DE LA CORSE DU SUD	100
MEURTHE ET MOSELLE HABITAT	MEURTHE-ET-MOSELLE HABITAT	100
CA COMMUNAUTÉ PARIS SACLAY	CA COMMUNAUTÉ PARIS-SACLAY	100
LA CITÉ LE CENTRE DES CONGRÈS DE NANTES	LA CITÉ, LE CENTRE DES CONGRÈS DE NANTES	100
GCS- BLANCHISSERIE DE L'EST FRANCILIEN	GCS — BLANCHISSERIE DE L'EST FRANCILIEN	100
CC DE LA BRIE CHAMPENOISE	CC DE LA BRIE-CHAMPENOISE	100
SA AÉROPORT MONTPELLIER-MÉDITERRANÉE	SA AÉROPORT MONTPELLIER MÉDITERRANÉE	100
SAEML SCIENTIPOLE AMÉNAGEMENT	SAEML SCIENTIPÔLE AMÉNAGEMENT	98
CONSEIL D'ÉTAT	CONSEIL D'ETAT	96
LYCÉE HENRI POINCARÉ	LYCÉE HENRI POINCARE	97
COMMUNAUTÉ DE COMMUNES DU PETIT-CAUX	COMMUNAUTÉ DE COMMUNES DU PETIT CAUX	100
DOMANYS,	DOMANYS	100
VAL-DE-SEINE AMÉNAGEMENT	VAL DE SEINE AMÉNAGEMENT	100
COMMUNAUTÉ DE COMMUNES ARDENNE RIVES DE MEUSE	COMMUNAUTÉ DE COMMUNES ARDENNES RIVES DE MEUSE	99
CENTRE ÉTUDES EXPERT SUR RISQUES ENVIR M	CENTRE ÉTUDES EXPERT SUR RISQUES ENVIR. M.	100
VILLE DE CHALETTE-SUR-LOING	VILLE DE CHÂLETTE-SUR-LOING	98
CHU DE POINTE À PITRE	CHU DE POINTE-À-PITRE	100
GRPT SERVICES EPLE ESSONNE L.P. PERRIN	GRPT SERVICES EPLE ESSONNE L. P. PERRIN	100
GRPT SERVICES EPLE ESSONNE L.P. PERRIN	GRPT. SERVICES EPLE ESSONNE L. P. PERRIN	100
SA D'HLM PHOCÉENNE D'HABITATIONS	SA D'HLM PHOCEENNE D'HABITATIONS	98
CAISSE DES ÉCOLES DU 13ÈME ARRONDISSEMENT	CAISSE DES ÉCOLES DU 15ÈME ARRONDISSEMENT	97
CAISSE DES ÉCOLES DU 13ÈME ARRONDISSEMENT	CAISSE DES ÉCOLES DU 11ÈME ARRONDISSEMENT	97
CAISSE DES ÉCOLES DU 13ÈME ARRONDISSEMENT	CAISSE DES ÉCOLES DU 2ÉME ARRONDISSEMENT	96
NEOLIA LORRAINE	NÉOLIA LORRAINE	97
GEIE — TUNNEL DU MONT-BLANC	GEIE TUNNEL DU MONT-BLANC	100
GEIE — TUNNEL DU MONT-BLANC	GEIE TUNNEL DU MONT BLANC	100
GEIE — TUNNEL DU MONT-BLANC	GEIE TUNNEL DU MT BLANC	96
AGCE REG SANTÉ — NORD-PAS-DE-CALAIS-PICARDIE	AGCE RÉG. SANTÉ NORD-PAS-DE-CALAIS-PICARDI	98
AGENCE DE MUTUALISATION DES UNIVERSITÉS	AGENCE DE MUTUALISATION DES UNIVERSITÉ	99
CO-COURTAGE NUCLÉAIRE	CO-COURTAGE NUCLEAIRE	98
LE GROUPEMENT DE COMMANDES, PÔLE IMMOBILIER	LE GROUPEMENT DE COMMANDES «PÔLE IMMOBILIER»	100
SAS LERICHEMONT	SAS LE RICHEMONT	97
CNRS — DÉLEGATION CÔTE D'AZUR	CNRS — DÉLÉGATION CÔTE D'AZUR	98
MINDEF/EMA/DC SCA/PFAF CO RENNES	MINDEF/EMA/DC SCA/PFAF CO — RENNES	100
METROPOLE D'AIX-MARSEILLE-PROVENCE	METROPOLE D'AIX MARSEILLE PROVENCE	100
METROPOLE D'AIX-MARSEILLE-PROVENCE	METROPOLE D'AIX-MARSEILLE PROVENCE	100
METROPOLE D'AIX-MARSEILLE-PROVENCE	METROPÔLE D'AIX-MARSEILLE-PROVENCE	99
METROPOLE D'AIX-MARSEILLE-PROVENCE	MÉTROPOLE D'AIX-MARSEILLE PROVENCE	99
METROPOLE D'AIX-MARSEILLE-PROVENCE	MÉTROPOLE D'AIX-MARSEILLE-PROVENCE	99
METROPOLE D'AIX-MARSEILLE-PROVENCE	MÉTROPOLE D'AIX MARSEILLE PROVENCE	99
SORÉGIES SAEML	SOREGIES SAEML	96
MINISTÈRE DE L'ÉDUCATION NATIONALE DE L'ENSEIGNEMENT SUPÉRIEUR ET DE LA RECHERCHE	MINISTÈRE DE L'ÉDUCATION NATIONALE, DE L'ENSEIGNEMENT SUPÉRIEUR ET DE LA RECHERCHE	100
CONS INTERPROFESSIONNEL VINS PROVENCE	CONSEIL INTERPROFESSIONNEL VINS PROVENCE	96
CHI TOULON LA SEYNE-SUR-MER	CHI TOULON, LA SEYNE-SUR-MER	100
CHI TOULON LA SEYNE-SUR-MER	CHI TOULON — LA SEYNE-SUR-MER	100
CHI TOULON LA SEYNE-SUR-MER	CHI TOULON-LA SEYNE-SUR-MER	100
CC DU PAYS-DE-MORTAGNE	CC DU PAYS DE MORTAGNE	100
MINISTÈRE DE L'INTÉRIEUR DSIC/SDAGA/BA	MINISTÈRE DE L'INTERIEUR DSIC/SDAGA/BA	99
L'HOPITAL NORD FRANCHE-COMTÉ	L'HÔPITAL NORD FRANCHE-COMTÉ	98
OPAC DE QUIMPER CORNOUAILLE	OPAC DE QUIMPER-CORNOUAILLE	100
CH. VERDUN SAINT-MIHIEL	CH VERDUN SAINT-MIHIEL	100
DYNACITÉ OPH DE L'AIN	DYNACITÉ (OPH DE L'AIN)	100
PÔLE EMPLOI BOURGOGNE-FRANCHE-COMTE	PÔLE EMPLOI BOURGOGNE-FRANCHE-COMTÉ	99
UNIVERSITÉ DE HAUTE ALSACE	UNIVERSITÉ DE HAUTE-ALSACE	100
UNIVERSITÉ DENIS DIDEROT — PARIS 7	UNIVERSITÉ DENIS DIDEROT-PARIS 7	100
HABITAT EURÉLIEN	HABITAT EURELIEN	97
CENTRE HOSPITALIER DE SAINT-BRIEUC	CENTRE HOSPITALIER DE SAINT BRIEUC	100
CENTRE HOSPITALIER DE SAINT-MARTIN	CENTRE HOSPITALIER DE SAINT MARTIN	100
CONSEIL GÉNÉRAL DU CALVADOS-CG14	CONSEIL GÉNÉRAL DU CALVADOS — CG14	100
COMMUNAUTÉ D'AGGLOMÉRATION DE BOURG-EN-BRESSE	COMMUNAUTÉ D'AGGLOMÉRATION BOURG-EN-BRESSE	96
GH LARIBOISIÈRE-FERNAND W.-SAINT-LOUIS	GH LARIBOISIÈRE-FERNAND W-SAINT LOUIS	100
HÔPITAL INTERCOMMUNAL DU HAUT-LIMOUSIN	HÔPITAL INTERCOMMUNAL DU HAUT LIMOUSIN	100
SILA - SYNDICAT MIXTE DU LAC D'ANNECY	SILA — SYNDICAT MIXTE DU LAC D'ANNECY	100
DÉFENSE ÉTAT-MAJOR DES ARMÉES	DÉFENSE ÉTAT MAJOR DES ARMÉES	100
CONSEIL GÉNÉRAL DU PUY DE DÔME	CONSEIL GÉNÉRAL DU PUY-DE-DÔME	100
BATIGÈRE ÎLE-DE-FRANCE	BATIGÈRE ILE-DE-FRANCE	98
BATIGÈRE ÎLE-DE-FRANCE	BATIGÈRE ILE DE FRANCE	98
DÉPARTEMENT DES CÔTES-D'ARMOR	DÉPARTEMENT DES CÔTES D'ARMOR	100
HÔPITAUX CIVILS DE COLMAR	HOPITAUX CIVILS DE COLMAR	98
DÉPARTEMENT DE LA LOZÈRE — CD 48	DÉPARTEMENT DE LA LOZÈRE, CD 48	100
DÉPARTEMENT DE LA LOZÈRE — CD 48	DÉPARTEMENT DE LA LOZÈRE CD 48	100
DÉPARTEMENT DE LA LOZÈRE — CD 48	DÉPARTEMENT DE LA LOZÈRE CG 48	96
CENTRE HOSPITALIER DE CHÂTEAU-DU-LOIR	CENTRE HOSPITALIER DE CHÂTEAU DU LOIR	100
CH DE CADILLAC SUR GARONNE	CH DE CADILLAC-SUR-GARONNE	100
AGENCE DE L'EAU — RM&C	AGENCE DE L'EAU RM&C	100
COMMUNAUTÉ D'AGGLOMÉRATION DU SOISSONNAIS	COMMUNAUTÉ D'AGGLOMÉRATRION DU SOISSONNAIS	99
COMMUNAUTÉ D'AGGLOMÉRATION DU SOISSONNAIS	COMMUANUTÉ D'AGGLOMÉRATION DU SOISSONNAIS	97
CUS HABITAT, OFFICE PUBLIC DE L'HABITAT DE L'EUROMÉTROPOLE DE STRASBOURG	CUS HABITAT — OFFICE PUBLIC DE L'HABITAT DE L'EUROMÉTROPOLE DE STRASBOURG	100
CUS HABITAT, OFFICE PUBLIC DE L'HABITAT DE L'EUROMÉTROPOLE DE STRASBOURG	CUS HABITAT OFFICE PUBLIC DE L'HABITAT DE L'EUROMÉTROPOLE DE STRASBOURG	100
INST RECHERCHE TECHNOLOGIQUE AERN ESPA	INST. RECHERCHE TECHNOLOGIQUE AERN ESPA	100
UNIVERSITÉ DE BRETAGNE OCCIDENTALE — BREST	UNIVERSITÉ DE BRETAGNE OCCIDENTALE-BREST	100
SYND. DES TRANSPORTS DE L'AGGLO	SYND.DES TRANSPORTS DE L'AGGLO	100
ÉTABLISSEMENT FRANÇAIS DU SANG, CENTRE ATLANTIQUE	ÉTABLISSEMENT FRANÇAIS DU SANG CENTRE ATLANTIQUE	100
DISP EST STRASBOURG	DISP EST-STRASBOURG	100
MISSION RÉGIONALE ACHATS MIDI-PYRÉNÉES	MISSION RÉGIONALE ACHATS MIDI PYRÉNÉES	100
CNRS DR18 NORD-PAS-DE-CALAIS ET PICARDIE	CNRS — DR18 — NORD-PAS-DE-CALAIS ET PICARDIE	100
CEA GRENOBLE	CEA/GRENOBLE	100
CEA GRENOBLE	CEA / GRENOBLE	100
MÉTROPOLE DE LYON	METROPOLE DE LYON	97
SETE — LA TOUR EIFFEL	SETE – LA TOUR EIFFEL	100
SETE — LA TOUR EIFFEL	SETE- LA TOUR EIFFEL	100
GIE ATOUT FRANCE, AGENCE FRANÇAISE DE DÉVELOPPEMENT TOURISTIQUE	GIE ATOUT FRANCE, AGENCE FRANCAISE DE DEVELOPPEMENT TOURISTIQUE	98
CONSEIL DÉPARTEMENTAL DES ALPES-DE-HAUTE-PROVENCE	CONSEIL DÉPARTEMENTAL DES ALPES DE HAUTE-PROVENCE	100
CONSEIL DÉPARTEMENTAL DES ALPES-DE-HAUTE-PROVENCE	CONSEIL DÉPARTEMENTAL DES ALPES DE HAUTE PROVENCE	100
COMMUNE DE MAUGES-SUR-LOIRE	COMMUNE DE MAUVES-SUR-LOIRE	96
NOUVEAU LOGIS MÉRIDIONAL	NOUVEAU LOGIS MERIDIONAL	98
RESEAU DES ACHETEURS HOSPITALIERS IDF	RÉSEAU DES ACHETEURS HOSPITALIERS IDF	99
LE GROUPEMENT DE COMMANDES «PÔLE IMMOBILIER» REPRÉSENTÉ PAR POSTE IMMO, EN QUALITÉ DE COORDONNATEUR	LE GROUPEMENT DE COMMANDES «PÔLE IMMOBILIER» REPRÉSENTÉ PAR POSTE IMMO EN QUALITÉ DE COORDONNATEUR	100
LE GROUPEMENT DE COMMANDES «PÔLE IMMOBILIER» REPRÉSENTÉ PAR POSTE IMMO, EN QUALITÉ DE COORDONNATEUR	LE GROUPEMENT DE COMMANDES «PÔLE IMMOBILIER» REPRÉSENTÉ PAR POSTE IMMO EN SA QUALITÉ DE COORDONNATEUR	98
CENTRE HOSPITALIER BRETAGNE ATLANTIQUE	CENTRE HOSPITALIER BRETAGNE-ATLANTIQUE	100
BÂTIPLAINE — SOCIÉTÉ DE COORDINATION	BÂTIPLAINE SOCIÉTÉ DE COORDINATION	100
RÉGION PROVENCE ALPES CÔTE D'AZUR	RÉGION PROVENCE-ALPES-CÔTE D'AZUR	100
COMMUNAUTÉ D'AGGLOMÉRATION DE LA ROCHELLE	COMMUNAUTÉ D’AGGLOMÉRATION DE LA ROCHELLE	100
COMMUNAUTÉ D'AGGLOMÉRATION DE LA ROCHELLE	COMMUNAUTÉ D'AGGLOMÉRATION LA ROCHELLE	96
COMMUNAUTÉ D'AGGLOMÉRATION BÉZIERS-MÉDITERRANÉE	COMMUNAUTÉ D'AGGLOMÉRATION BÉZIERS MÉDITERRANÉE	100
ENEDIS QUI MANDATE EDF SA POUR MENER LA PROCÉDURE D'ACHAT — DIRECTION DES ACHATS GROUPE	ERDF QUI MANDATE EDF SA POUR MENER LA PROCÉDURE D'ACHAT — DIRECTION DES ACHATS GROUPE	96
CARSAT CENTRE OUEST	CARSAT CENTRE-OUEST	100
COMMISSARIAT A L'ÉNERGIE ATOMIQUE ET AUX ÉNERGIES ALTERNATIVES	COMMISSARIAT À L'ÉNERGIE ATOMIQUE ET AUX ÉNERGIES ALTERNATIVES	98
COMMISSARIAT A L'ÉNERGIE ATOMIQUE ET AUX ÉNERGIES ALTERNATIVES	COMMISSARIAT A L'ÉNERGIE ATOMIQUE ET AUX ÉNERGIES ALTERNATIVES (CEA)	97
ARHM — SAINT-JEAN-DE-DIEU	ARHM — SAINT JEAN DE DIEU	100
GROUPEMENT D'INTÉRÊT PUBLIC (GIP) PARIS 2024	GROUPEMENT D'INTÉRÊT PUBLIC (GIP) — PARIS 2024	100
DÉPARTEMENT DE L'AISNE	DEPARTEMENT DE L'AISNE	98
SÉQUANO AMÉNAGEMENT	SÉQUANO  AMÉNAGEMENT	100
SÉQUANO AMÉNAGEMENT	SEQUANO AMÉNAGEMENT	97
SYND MIXTE VALORISATION DÉCHETS CORSE	SYND. MIXTE VALORISATION DÉCHETS CORSE	100
SYND MIXTE VALORISATION DÉCHETS CORSE	SYND MIXTE VALORISATION DECHETS CORSE	99
ÉTABLISSEMENT FRANÇAIS DU SANG-PAYS DE LA LOIRE	ÉTABLISSEMENT FRANÇAIS DU SANG — PAYS DE LA LOIRE	100
COMMUNAUTÉ D’AGGLOMÉRATION DU GRAND DOLE	COMMUNAUTÉ D'AGGLOMÉRATION DU GRAND DOLE	100
COMMUNAUTÉ DE COMMUNES NORD DU BASSIN DE THAU	COMMUNAUTÉ DE COMMUNES DU NORD DU BASSIN DE THAU	97
MINDEF/SGA/DCSID/ESID TOULON	MINDEF/SGA/DCSID/ESID.TOULON	100
IMMOBILIERE PODELIHA	IMMOBILIÈRE PODELIHA	97
COMMUNAUTÉ DU BOCAGE COUTANCAIS	COMMUNAUTÉ DU BOCAGE COUTANÇAIS	98
COMMUNAUTÉ COMMUNES PÉVÈLE CAREMBAULT	COMMUNAUTÉ DE COMMUNES PÉVÈLE CAREMBAULT	96
CONSEIL DÉPARTEMENTAL HAUTE-GARONNE	CONSEIL DÉPARTEMENTAL HAUTE GARONNE	100
SAEML — NANTES-MÉTROPOLE GESTION ÉQUIPEMENTS	SAEML NANTES-MÉTROPOLE, GESTION ÉQUIPEMENTS	100
SAEML — NANTES-MÉTROPOLE GESTION ÉQUIPEMENTS	SAEML NANTES-MÉTROPOLE GESTION ÉQUIPEMENTS	100
CC MATHEYSINE PAYS CORPS VALLÉES VALBON	CC MATHEYSINE PAYS CORPS-VALLEES VALBO	97
SNI SUD-EST	SNI SUD EST	100
CU GRAND PARIS SEINE-ET-OISE	CU GRAND PARIS SEINE ET OISE	100
COMMUNAUTÉ AGGLO. ALBIGEOIS	COMMUNAUTÉ AGGLO ALBIGEOIS	100
EPS DE VILLE ÉVRARD	EPS DE VILLE-ÉVRARD	100
VILLE DE SAINT-ANDRÉ (974)	VILLE DE SAINT ANDRÉ (974)	100
BEARNAISE HABITAT	BÉARNAISE HABITAT	97
SYNDICAT ÉMERAUDE	SYNDICAT EMERAUDE	97
UNIVERSITÉ MICHEL-DE-MONTAIGNE-BORDEAU	UNIVERSITÉ MICHEL DE MONTAIGNE BORDEAU	100
DÉPARTEMENT DU JURA	DEPARTEMENT DU JURA	97
ESH UN TOIT POUR TOUS	ESH «UN TOIT POUR TOUS»	100
MONTPELLIER MÉDITERRANÉE MÉTROPOLE	MONTPELLIER MÉDITERRANNÉE MÉTROPOLE	98
MINDEF/SGA/SPAC/S — DIRECTION DES ACHATS	MINDEF/SGA/SPAC/S-DIRECTION DES ACHATS	100
CONSEIL GAL. DES PYRÉNÉES-ATLANTIQUES	CONSEIL GAL DES PYRÉNÉES-ATLANTIQUES	100
CONSEIL GAL. DES PYRÉNÉES-ATLANTIQUES	CONSEIL GÉNÉRAL DES PYRÉNÉES-ATLANTIQUES	97
TERRITOIRE HABITAT OPH	TERRITOIRE HABITAT (OPH)	100
COMMISSARIAT À L'ÉNERGIE ATOMIQUE ET AUX ÉNERGIES ALTERNATIVES — CEA/DAM/ ÎLE-DE-FRANCE	CEA COMMISSARIAT À L'ÉNERGIE ATOMIQUE ET AUX ÉNERGIES ALTERNATIVES — CEA/DAM ÎLE-DE-FRANCE	98
SOCIÉTÉ IMMOBILIÈRE DU DÉPARTEMENT DE LA RÉUNION SOCIÉTÉ ANONYME D'ÉCONOMIE MIXTE (SEM) CRÉÉE EN APPLICATION DE L'ARTICLE 2 DE LA LOI DU 30.4.1946 AU CAPITAL DE 125 000 000 EUR — RCS ST DENIS N°74 B 118 — SIRET :310 863 592 00013	SOCIÉTÉ IMMOBILIÈRE DU DÉPARTEMENT DE LA RÉUNION SOCIÉTÉ ANONYME D'ÉCONOMIE MIXTE (SEM) CRÉÉE EN APPLICATION DE L'ARTICLE 2 DE LA LOI DU 30.4.1946 AU CAPITAL DE 125 000 000 EUR — RCS ST-DENIS N° 74 B 118 — SIRET: 310 863 592 00013	100
SOCIÉTÉ IMMOBILIÈRE DU DÉPARTEMENT DE LA RÉUNION SOCIÉTÉ ANONYME D'ÉCONOMIE MIXTE (SEM) CRÉÉE EN APPLICATION DE L'ARTICLE 2 DE LA LOI DU 30.4.1946 AU CAPITAL DE 125 000 000 EUR — RCS ST DENIS N°74 B 118 — SIRET :310 863 592 00013	SOCIÉTÉ IMMOBILIÈRE DU DÉPARTEMENT DE LA RÉUNION SOCIÉTÉ ANONYME D'ÉCONOMIE MIXTE (SEM) CRÉÉE EN APPLICATION DE L'ARTICLE 2 DE LA LOI DU 30.4.1946 AU CAPITAL DE 125 000 000 EUR — RCS SAINT DENIS N° 74 B 118 — SIRET: 310 863 592 00013	98
SOCIÉTÉ IMMOBILIÈRE DU DÉPARTEMENT DE LA RÉUNION SOCIÉTÉ ANONYME D'ÉCONOMIE MIXTE (SEM) CRÉÉE EN APPLICATION DE L'ARTICLE 2 DE LA LOI DU 30.4.1946 AU CAPITAL DE 125 000 000 EUR — RCS ST DENIS N°74 B 118 — SIRET :310 863 592 00013	SOCIÉTÉ IMMOBILIÈRE DU DÉPARTEMENT DE LA RÉUNION SOCIÉTÉ ANONYME D'ÉCONOMIE MIXTE (SEM) CRÉÉE EN APPLICATION DE L'ARTICLE 2 DE LA LOI DU 30 AVRIL 1946 AU CAPITAL DE 125 000 000 EUR — RCS ST DENIS N°74 B 118 — SIRET :310 863 592 00013	97
[LA POSTE] FILIALES BRANCHE SERVICES COURRIER COLIS (BSCC) FILIALE VIAPOST TRANSPORT MANAGEMENT	[LA POSTE] FILIALES BRANCHE SERVICES-COURRIER-COLIS (BSCC), FILIALE VIAPOST TRANSPORT MANAGEMENT	100
SI ÉNERGIES DE MAINE-ET-LOIRE	SI ÉNERGIES DE MAINE ET LOIRE	100
SAINTE PÉRINE — ROSSINI — CHARDON LAGACHE	SAINTE-PÉRINE — ROSSINI — CHARDON LAGACHE	100
SAINTE PÉRINE — ROSSINI — CHARDON LAGACHE	STE-PÉRINE — ROSSINI — CHARDON-LAGACHE	96
PRÉFECTURE DE POLICE DFCPP BCP	PRÉFECTURE DE POLICE — DFCPP BCP	100
CONSEIL GÉNÉRAL D'EURE-ET-LOIR	CONSEIL GÉNÉRAL D'EURE ET LOIR	100
T38 GRENOBLE ALPES METROPOLE	T38 GRENOBLE ALPES MÉTROPOLE	98
SFVP (SCES FUNÉRAIRES, VILLE DE PARIS)	SFVP (SCES FUNÉRAIRES VILLE DE PARIS)	100
COMMUNAUTÉ D'AGGLOMÉRATION ÉPINAL-GOLBEY	COMMUNAUTÉ D'AGGLOMÉRATION D'ÉPINAL-GOLBEY	97
MIN.DÉFENSE-DCSID-SNIA	MIN. DÉFENSE-DCSID-SNIA	100
MÉDUANE HABITAT	MEDUANE HABITAT	97
CENTRE HOSPITALIER GUILLAUME-RÉGNIER	CENTRE HOSPITALIER GUILLAUME RÉGNIER	100
CPAM DU HAUT-RHI	CPAM DU HAUT-RHIN	97
MUSEUM NATIONAL D'HISTOIRE NATURELLE	MUSÉUM NATIONAL D'HISTOIRE NATURELLE	99
UNIVERSITÉ GRENOBLE-ALPES	UNIVERSITÉ GRENOBLE ALPES	100
SILNE	SILÈNE	100
VILLE DE SAINTE SAVINE	VILLE DE SAINTE-SAVINE	100
COMMUNE DE MONTIGNY-LES-CORMEILLES	COMMUNE DE MONTIGNY-LÈS-CORMEILLES	99
COMMUNE DE CHAMONIX-MONT-BLANC	COMMUNE DE CHAMONIX MONT-BLANC	100
COMMUNAUTE ARTOIS-LYS	COMMUNAUTÉ ARTOIS-LYS	98
MINDEF / EMA / DC SCA / PFAF SE	MINDEF/EMA/DC SCA/PFAF SE	100
VILLE DES TROIS-ILETS	VILLE DES TROIS-ÎLETS	98
GROUPEMENT DE COMMANDES	GROUPEMENTS DE COMMANDES	98
CENTRE HOSPITALIER A. GUÉRIN	CENTRE HOSPITALIER A.GUÉRIN	100
QUIMPER COMMUNAUTÉ	QUIMPERLÉ COMMUNAUTÉ	97
UNIVERSITÉ PARIS-EST-CRÉTEIL	UNIVERSITÉ PARIS-EST CRÉTEIL	100
MINISTÈRE ÉCONOMIE FINANCES INDUSTRIE	MINISTÈRE ÉCONOMIE, FINANCES, INDUSTRIE	100
CNRS — DÉLÉGATION ALSACE	CNRS-DÉLÉGATION ALSACE	100
CARSAT LANGUEDOC-ROUSSILLON	CARSAT LANGUEDOC ROUSSILLON	100
EESC HEC PARIS	EESC — HEC PARIS	100
LOGEAL IMMOBILIÈRE	LOGÉAL IMMOBILIÈRE	97
CENTRE HOSPITALIER DE BRETAGNE-SUD	CENTRE HOSPITALIER DE BRETAGNE SUD	100
VILLE DE CRÉTEIL	VILLE DE CREIL	97
CENTRE HOSPITALIER DE SENS	CENTRE HOSPITALIER DE LENS	96
COMMUNUATÉ D'AGGLOMÉRATION LIMOGES MÉTROPOLE	COMMUNAUTÉ D'AGGLOMÉRATION LIMOGES MÉTROPOLE	98
COMMUNUATÉ D'AGGLOMÉRATION LIMOGES MÉTROPOLE	COMMUNAUTÉ D’AGGLOMÉRATION LIMOGES MÉTROPOLE	98
VILLE DE SAINT-BENOÎT	VILLE DE SAINT-BENOIT	98
EMMAÜS HABITAT	EMMAUS HABITAT	96
CDG 67 - CENTRE DE GESTION DE LA FONCTION PUBLIQUE	CDG 52 - CENTRE DE GESTION DE LA FONCTION PUBLIQUE	96
PAS DE CALAIS HABITAT	PAS-DE-CALAIS HABITAT	100
LOGIS SOCIAL DU VAL-D'OISE	LOGIS SOCIAL DU VAL D'OISE	100
COMITÉ RÉGIONAL DU TOURISME DE BOURGOG	COMITÉ RÉGIONAL DU TOURISME DE BOURGOGNE	97
COMMUNAUTÉ DE COMMUNES DE GRANVILLE, TERRE ET MER	COMMUNAUTÉ DE COMMUNES GRANVILLE, TERRE ET MER	97
EDF SA DIRECTION DES ACHATS ARAP GRAND OUEST	EDF SA — DIRECTION DES ACHATS — ARAP GRAND OUEST	100
OPÉRA TOULON PROVENCE MÉDITERRANÉE	OPERA TOULON PROVENCE MEDITERRANÉE	97
VILLE DE BOURG-SAINT-MAURICE — ARCS	VILLE DE BOURG-SAINT MAURICE-ARCS	100
GRENOBLE ALPES-MÉTROPOLE	GRENOBLE ALPES MÉTROPOLE	100
GRENOBLE ALPES-MÉTROPOLE	GRENOBLE-ALPES MÉTROPOLE	100
ORVITIS — SERVICE MARCHÉS	ORVITIS SERVICE MARCHÉS	100
CENTRE HOSPITALIER DE MONTERAN	CENTRE HOSPITALIER DE MONTÉRAN	98
COMMUNAUTÉ DE COMMUNES DU PAYS DU MONT-BLANC	COMMUNAUTÉ DE COMMUNES PAYS DU MONT-BLANC	96
COMMUNAUTÉ AGGLOMÉRATION CHARLEVILLE-MÉZIÈRES/ SEDAN	COMMUNAUTÉ AGGLOMÉRATION CHARLEVILLE-MÉZIÈRES / SEDAN	100
COMMUNAUTÉ AGGLOMÉRATION CHARLEVILLE-MÉZIÈRES/ SEDAN	COMMUNAUTÉ D’AGGLOMÉRATION CHARLEVILLE-MÉZIÈRES / SEDAN	98
COMMUNAUTÉ AGGLOMÉRATION CHARLEVILLE-MÉZIÈRES/ SEDAN	COMMUNAUTÉ D'AGGLOMÉRATION CHARLEVILLE-MÉZIÈRES / SEDAN	98
AGGLOMÉRATION MAUBEUGE VAL DE SAMBRE	AGGLOMÉRATION MAUBEUGE-VAL DE SAMBRE	100
AGGLOMÉRATION MAUBEUGE VAL DE SAMBRE	AGGLOMÉRATION MAUBEUGE - VAL DE SAMBRE	100
CH PAYS AIX — CHI AIX PERTUIS	CH PAYS AIX — CHI AIX-PERTUIS	100
CH PAYS AIX — CHI AIX PERTUIS	CH PAYS D'AIX — CHI AIX-PERTUIS	96
RÉGIE DES TRANSPORTS DE CARBONNE	RGIE DES TRANSPORTS DE CARBONNE	100
GH DE LA HAUTE SAÔNE	GH DE LA HAUTE-SAÔNE	100
COMMUNAUTÉ AGGLOMÉRATION PRIVAS CENTRE ARDRÈCHE	COMMUNAUTÉ D'AGGLOMÉRATION PRIVAS CENTRE ARDÈCHE	97
MINISTÈRE DE LA JUSTICE ET DES LIBÉRTÉS	MINISTÈRE DE LA JUSTICE ET DES LIBÉRTÉ	99
COMMUNAUTÉ DE COMMUNES ARC SUD BRETAGN	COMMUNAUTÉ DE COMMUNES ARC SUD BRETAGNE	99
VILLE DU BLANC-MESNIL	VILLE DU BLANC MESNIL	100
AGCE RÉG SANTÉ NORD PAS CALAIS PICARDI	AGCE RÉG. SANTÉ NORD-PAS-DE-CALAIS-PICARDI	96
SOC MIXTE AMENAG VILLE LAMENTIN	SOC MIXTE AMÉNAG VILLE LAMENTIN	98
AGENCE RÉGIONALE DE SANTÉ NORD - PAS-DE-CALAIS – PICARDIE	AGENCE RÉGIONALE DE SANTÉ NORD-PAS-DE-CALAIS-PICARDI	99
COMMUNAUTÉ DE COMMUNES DU CANTON DE PI	COMMUNAUTÉ DE COMMUNES DU CANTON DE RI	97
ÉLÉCTRICITÉ RÉSEAU DISTRIBUTION FRANCE (ERDF)	ÉLECTRICITÉ RÉSEAU DISTRIBUTION FRANCE (ERDF)	99
EPT GRAND PARIS-SEINE-OUEST	EPT GRAND PARIS SEINE OUEST	100
CIF COOPÉRATIVE	CIF COOPERATIVE	97
DIR NORD-OUEST	DIR NORD — OUEST	100
SEDD MANDATAIRE CRFC	SEDD MANDATAIRE CRBFC	98
COMMUNAUTÉ DES COMMUNES CÔTE DE PENTHIÈVRE	COMMUNAUTÉ DE COMMUNES CÔTE DE PENTHIÈVRE	99
RÉGION ILE-DE-FRANCE	RÉGION ÎLE-DE-FRANCE	97
BANQUE DE FRANCE — DIRECTION DES ACHATS	BANQUE DE FRANCE - DIRECTION DES ACHATS	100
EPF ILE DE FRANCE	EPF ÎLE-DE-FRANCE	97
COMMUNAUTÉ D'AGGLOMERATION LA ROCHELLE	COMMUNAUTÉ D'AGGLOMÉRATION LA ROCHELLE	99
LOGEMENT FRANCILIEN REPRÉSENTÉ PAR GIE LOGEMENT FRANÇAIS	LOGEMENT FRANCILIEN REPRÉSENTÉ PAR GIE LOGEMENT FRANCAIS	99
REGION ÎLE-DE-FRANCE	RÉGION ÎLE-DE-FRANCE	97
DÉPARTEMENT D'ILLE ET VILAINE	DÉPARTEMENT D'ILLE-ET-VILAINE	100
GROUPEMENT DE CDES DES ÉTABLISSEMENTS	GRPEMENT DE CDES DES ÉTABLISSEMENTS	97
TUNNEL EURALPIN LYON-TURIN SAS	TUNNEL EURALPIN LYON TURIN SAS	100
ARCHIPEL HABITAT OPH DE RENNES MÉTROPOLE	ARCHIPEL HABITAT — OPH DE RENNES MÉTROPOLE	100
CONSEIL RÉGIONAL LANGUEDOC ROUSSILLON	CONSEIL RÉGIONAL LANGUEDOC-ROUSSILLON	100
LOCMINE COMMUNAUTÉ	LOCMINÉ COMMUNAUTÉ	97
GIE SESAM VITALE	GIE SESAM-VITALE	100
CCI DE NÎMES-BAGNOLS-UZÈS-LE VIGAN	CCI DE NÎMES BAGNOLS UZÈS LE VIGAN	100
CCI DE NÎMES-BAGNOLS-UZÈS-LE VIGAN	CCI DE NÎMES — BAGNOLS — UZÈS — LE VIGAN	100
COMMUNAUTÉ DE COMMUNES DE LA SAVE AU TOUCH	COMMUNAUTÉ COMMUNES DE LA SAVE AU TOUCH	96
TARN ET GARONNE HABITAT	TARN-ET-GARONNE HABITAT	100
DÉPARTEMENT DES BOUCHES DU RHÔNE	DÉPARTEMENT DES BOUCHES-DU-RHÔNE	100
CONSEIL RÉGIONAL PROVENCE-ALPES-CÔTE D'AZUR	CONSEIL RÉGIONAL DE PROVENCE-ALPES-CÔTE D'AZUR	96
VILLE DE CORMEILLES-EN-PARISIS	VILLE DE CORMEILLES EN PARISIS	100
COMMUNAUTÉ D’AGGLOMÉRATION DE CHÂLONS-EN-CHAMPAGNE	COMMUNAUTÉ D'AGGLOMÉRATION DE CHÂLONS-EN-CHAMPAGNE	100
CONSEIL GÉNÉRAL DU VAL-D'OISE	CONSEIL GÉNÉRAL DU VAL D'OISE	100
COMMUNE DE MONT-DE-LANS	COMMUNE DE MONT DE LANS	100
EPS ROGER PRÉVOT	EPS ROGER PREVOT	97
UNIVERSITÉ DE BRETAGNE-SUD	UNIVERSITÉ DE BRETAGNE SUD	100
SYNDICAT MIXTE DÉPARTEMENTAL DE LA VOIRIE DES COMMUNES DE LA CHARENTE-MARITIME	SYNDICAT MIXTE DÉPARTEMENTAL DE LA VOIRIE DES COMMUNES DE CHARENTE-MARITIME	98
GCS TÉLÉSANTÉ BASSE NORMANDIE	GCS TÉLÉSANTÉ BASSE-NORMANDIE	100
GUSTAVE-ROUSSY	GUSTAVE ROUSSY	100
LA NANTAISE D'HABITATIONS	LA NANTAISE D' HABITATIONS	100
MIINDEF/SGA/DCSID/ESID BORDEAUX	MINDEF/SGA/DCSID/ESID BORDEAUX	98
COMMUNAUTÉ AGGLOMÉRATION SOPHIA-ANTIPOLIS	COMMUNAUTÉ D'AGGLOMÉRATION SOPHIA ANTIPOLIS	98
DÉPARTEMENT DE SEINE-MARITIME	DÉPARTEMENT DE SEINE MARITIME	100
SDEA — ALSACE-MOSELLE	SDEA ALSACE MOSELLE	100
SDEA — ALSACE-MOSELLE	SDEA ALSACE-MOSELLE	100
MARNE-ET-CHANTEREINE HABITAT	MARNE ET CHANTEREINE HABITAT	100
COMMUNAUPOLE DE LENS-LIÉVIN	COMMUNAUPÔLE DE LENS-LIÉVIN	98
COMMUNAUTÉ COMMUNES PAYS D'HÉRICOURT	COMMUNAUTÉ DE COMMUNES PAYS D'HÉRICOURT	96
ÉTABLISSEMENT MÉDICO-SOCIAL	ÉTABLISSEMENT MÉDICO SOCIAL	100
SNA — RÉGION PARISIENNE	SNA RÉGION PARISIENNE	100
CCI LYON MÉTROPOLE ST ÉTIENNE ROANNE	CCI LYON MÉTROPOLE SAINT-ÉTIENNE ROANNE	96
COMMUNAUTÉ AGGLOMÉRATION BOURG-EN-BRESSE	COMMUNAUTÉ D'AGGLOMÉRATION BOURG-EN-BRESSE	97
EDF SA — DIRECTION DES ACHATS	EDF SA DIRECTION DES ACHATS	100
CONSEIL GÉNÉRAL DE SEINE SAINT-DENIS	CONSEIL GÉNÉRAL DE SEINE SAINT DENIS	100
CONSEIL GÉNÉRAL DE SEINE SAINT-DENIS	CONSEIL GÉNÉRAL DE SEINE-SAINT-DENIS	100
URSSAF DE PARIS-RÉGION PARISIENNE	URSSAF DE PARIS — RÉGION PARISIENNE	100
EP MÉDICO-SOCIAL D'AMIENS	EP MÉDICO SOCIAL D'AMIENS	100
COMMUNAUTÉ D’AGGLOMÉRATION ORLÉANS VAL DE LOIRE	COMMUNAUTÉ D'AGGLOMÉRATION ORLÉANS VAL DE LOIRE	100
MÉTROPOLE NICE-CÔTE D'AZUR	MÉTROPOLE NICE CÔTE D'AZUR	100
SDIS 33 — GIRONDE	SDIS 33 GIRONDE	100
SYNDICAT DES EAUX D'ÎLE-DE-FRANCE	SYNDICAT DES EAUX D'ILE-DE-FRANCE	98
UNIVERSITÉ JEAN-MOULIN-LYON 3	UNIVERSITÉ JEAN MOULIN LYON 3	100
CENTRE HOSPITALIER DÉPARTEMENTAL STELL	CENTRE HOSPITALIER DÉPARTEMENT STELL	97
AÉROPORT DE TOULOUSE-BLAGNAC	AÉROPORT DE TOULOUSE BLAGNAC	100
COMMUNAUTÉ COMMUNES DU SUD TERRITOIRE	COMMUNAUTÉ DE COMMUNES DU SUD TERRITOIRE	96
URSSAF HAUTE-NORMANDIE	URSSAF HAUTE NORMANDIE	100
VILLE DE MONTCEAU-LES-MINES	VILLE DE MONCEAU-LES-MINES	98
COMUNNAUTÉ D'AGGLOMÉRATION CHÂTEAUROUX MÉTROPOLE	COMMUNAUTÉ D'AGGLOMÉRATION CHÂTEAUROUX MÉTROPOLE	98
DÉPARTEMENT DES PYRÉNÉES ORIENTALES	DÉPARTEMENT DES PYRÉNÉES-ORIENTALES	100
CENTRE HOSPITALIER DR. RÉCAMIER	CENTRE HOSPITALIER DR RÉCAMIER	100
VILLE DE LA GRANDE-MOTTE	VILLE DE LA GRANDE MOTTE	100
VILLE DE QUÉTIGNY	VILLE DE QUETIGNY	97
CC DE SAINT-DIÉ-DES-VOSGES	CH DE SAINT-DIÉ-DES-VOSGES	96
CNRS DÉLÉGATION CENTRE EST	CNRS-DÉLÉGATION CENTRE EST	100
ÉTABLISSEMENT PUBLIC MUSÉES ORSAY ET ORANGERIE	ÉTABLISSEMENTS PUBLIC MUSÉES ORSAY ET ORANGERIE	99
INSTITUT NATIONAL DES JEUNES SOURDS	INSTITUT NATIONAL DE JEUNES SOURDS	99
OPAC SAÔNE ET LOIRE — OFFICE PUBLIC DE L'HABITAT	OPAC SAÔNE-ET-LOIRE — OFFICE PUBLIC DE L'HABITAT	100
MARINE/DCSSF/DSSF BREST	MARINE/DCSSF/ DSSF BREST	100
COMMUNAUTÉ D'AGGLOMÉRATION GRAND VERDUN	COMMUNAUTÉ AGGLOMÉRATION GRAND VERDUN	97
VILLE DU PRÉ-SAINT-GERVAIS	VILLE DU PRÉ SAINT-GERVAIS	100
COMMUNAUTÉ D'AGGLOMÉRATION DE SOPHIA ANTIPOLIS	COMMUNAUTÉ D'AGGLOMÉRATION SOPHIA ANTIPOLIS	96
UNIVERSITÉ PARIS-SUD	UNIVERSITÉ PARIS SUD	100
BATIGERE SAREL	BATIGÈRE SAREL	96
PLATE FORME ACHATS FINANCES NORD-EST	PLATE-FORME ACHATS FINANCES NORD EST	100
PLATE FORME ACHATS FINANCES NORD-EST	PLATE-FORME ACHATS FINANCES NORD-EST	100
PLATE FORME ACHATS FINANCES NORD-EST	PLATE FORME ACHATS FINANCES NORD EST	100
CNIEL — INTERPROFESSION LAITIÈRE FRANÇAISE	CNIEL INTERPROFESSION LAITIÈRE FRANÇAISE	100
PÔLE EMPLOI CENTRE VAL DE LOIRE	PÔLE EMPLOI CENTRE-VAL DE LOIRE	100
SA D'HLM AIGUILLON CONSTRUCTION	SA D' HLM AIGUILLON CONSTRUCTION	100
INSTITUT NATIONAL DE RECHERCHE ET DE SECURITÉ POUR LA PRÉVENTION DES ACCIDENTS DU TRAVAIL ET DES MALADIES PROFESSIONNELLES (INRS)	INSTITUT NATIONAL DE RECHERCHE ET DE SECURITÉ POUR LA PRÉVENTION DES ACCIDENTS DU TRAVAIL ET DES MALADIES PROFESSIONELLES (INRS)	100
SGAP SUD OUEST	SGAP SUD-OUEST	100
COMMUNE DU PUY EN VELAY	COMMUNE DU PUY-EN-VELAY	100
SAEML — CHEMINS DE FER DE LA CORSE	SAEML CHEMINS DE FER DE LA CORSE	100
CONSEIL ÉCONOMIQUE SOCIAL ENVIRONNEMEN	CONSEIL ÉCONOMIQUE SOCIAL ENVIRONNEMENTAL	96
LYC GAL ET TECHNOLOGIQU ROBERT SCHUMAN	LYC GAL. ET TECHNOLOGIQU ROBERT SCHUMAN	100
SYNDICAT MIXTE LOT NUMÉRIQUE	SYNDICAT MIXTE LOT NUMERIQUE	98
GIE AGIRC-ARRCO	GIE AGIRC ARRCO	100
COMMUNAUTÉ D'AGGLOMÉRATION DU PAYS DE MONTBÉLIARD	COMMUNAUTÉ D’AGGLOMÉRATION DU PAYS DE MONTBÉLIARD	100
DIRECTION DES ACHATS MAIRIE DE PARIS	DIRECTION DES ACHATS, MAIRIE DE PARIS	100
COMMUNAUTÉ D'AGGLOMÉRATION DE METZ	COMMUNAUTÉ D’AGGLOMÉRATION DE METZ	100
COMMUNAUTÉ COMMUNES ARDENNES RIVES DE MEUSE	COMMUNAUTÉ DE COMMUNES ARDENNES RIVES DE MEUSE	97
SYCTOM DU LOIRE BÉCONNAIS	SYCTOM DU LOIRE-BÉCONNAIS	100
MANTES EN YVELINES HABITAT	MANTES-EN-YVELINES HABITAT	100
